tarih,musteri_id,kitap_adi,kategori,fiyat,adet,toplam_tutar
2025-07-19,1086,Büyük Saat,Şiir,126.72,3,380.16
2025-10-01,1563,Küçük Prens,Çocuk,130.39,1,130.39
2025-03-20,1728,Nutuk,Tarih,74.64,2,149.28
2025-09-08,1118,Çalıkuşu,Roman,84.6,1,84.6
2025-04-18,1684,1984,Roman,116.5,3,349.5
2024-12-05,1656,Siyasi Tarih: İlkçağlardan 1918'e,Tarih,33.3,5,166.5
2025-06-27,1342,Tanzimat,Tarih,121.52,1,121.52
2025-08-07,1942,Acımak,Roman,56.98,5,284.9
2025-04-07,1361,Veronika Ölmek İstiyor,Roman,111.59,3,334.77
2025-06-29,1468,Tanzimat,Tarih,43.35,3,130.05
2025-05-21,1702,Çalıkuşu,Roman,108.37,5,541.85
2025-05-10,1387,Çalıkuşu,Roman,32.89,1,32.89
2024-10-27,1002,Tanzimat,Tarih,109.6,3,328.8
2025-03-28,1783,Küçük Prens,Çocuk,80.3,2,160.6
2025-09-25,1666,Kim Jiyeong Doğum 1982,Roman,88.06,3,264.18
2025-05-09,1587,Kuzgun,Şiir,65.07,3,195.21
2025-08-07,1398,Büyük Saat,Şiir,135.76,3,407.28
2024-12-04,1256,Veronika Ölmek İstiyor,Roman,134.7,5,673.5
2025-09-28,1182,Kısa Türkiye Tarihi,Tarih,128.83,3,386.49
2024-11-03,1254,Kim Jiyeong Doğum 1982,Roman,113.36,3,340.08
2025-01-13,1016,Nutuk,Tarih,116.62,4,466.48
2025-06-01,1865,Jön Türkler İttihat ve Terakki,Tarih,28.32,2,56.64
2025-02-15,1557,Acımak,Roman,83.67,2,167.34
2025-09-12,1016,Tanzimat,Tarih,118.16,5,590.8
2025-07-29,1023,Nutuk,Tarih,149.03,3,447.09
2025-10-13,1904,1984,Roman,66.07,3,198.21
2025-07-06,1898,Kuzgun,Şiir,115.37,5,576.85
2025-09-05,1512,Siyasi Tarih: İlkçağlardan 1918'e,Tarih,55.24,2,110.48
2025-09-24,1104,Kuzgun,Şiir,87.33,3,261.99
2025-08-09,1305,Tanzimat,Tarih,29.24,1,29.24
2025-02-24,1354,Python 101,Eğitim,24.34,4,97.36
2025-09-11,1808,Acımak,Roman,52.22,1,52.22
2025-08-30,1893,Kim Jiyeong Doğum 1982,Roman,140.41,2,280.82
2025-08-20,1307,Jön Türkler İttihat ve Terakki,Tarih,86.9,3,260.7
2025-01-28,1095,1984,Roman,134.8,3,404.4
2025-03-19,1058,Tanzimat,Tarih,117.94,2,235.88
2025-06-18,1847,Veronika Ölmek İstiyor,Roman,48.67,1,48.67
2025-07-16,1156,Jön Türkler İttihat ve Terakki,Tarih,47.35,2,94.7
2025-02-20,1977,Jön Türkler İttihat ve Terakki,Tarih,141.57,5,707.85
2025-07-15,1197,1984,Roman,136.55,1,136.55
2025-04-13,1600,Nutuk,Tarih,106.89,5,534.45
2024-11-07,1765,Büyük Saat,Şiir,120.48,1,120.48
2025-04-19,1338,Nutuk,Tarih,93.98,4,375.92
2025-04-27,1050,Kim Jiyeong Doğum 1982,Roman,66.09,1,66.09
2025-09-21,1506,Kuzgun,Şiir,98.0,1,98.0
2025-02-07,1782,Jön Türkler İttihat ve Terakki,Tarih,89.7,2,179.4
2025-06-16,1768,Python 101,Eğitim,30.42,5,152.1
2025-07-03,1650,Tanzimat,Tarih,121.48,4,485.92
2024-11-01,1537,Python 101,Eğitim,116.34,2,232.68
2025-06-26,1691,Küçük Prens,Çocuk,85.34,4,341.36
2025-06-28,1762,Nutuk,Tarih,26.12,2,52.24
2025-09-16,1642,Kısa Türkiye Tarihi,Tarih,111.24,5,556.2
2025-05-01,1101,Kısa Türkiye Tarihi,Tarih,95.92,1,95.92
2025-05-14,1875,Kuzgun,Şiir,104.49,1,104.49
2024-12-12,1553,Veronika Ölmek İstiyor,Roman,101.34,4,405.36
2025-08-31,1514,Kuzgun,Şiir,128.32,1,128.32
2024-11-02,1948,Siyasi Tarih: İlkçağlardan 1918'e,Tarih,107.54,1,107.54
2025-07-04,1702,Kısa Türkiye Tarihi,Tarih,119.41,4,477.64
2025-03-12,1977,Tanzimat,Tarih,95.66,1,95.66
2024-12-23,1671,Çalıkuşu,Roman,116.13,4,464.52
2025-07-14,1178,Nutuk,Tarih,140.71,5,703.55
2025-01-24,1935,Kuzgun,Şiir,20.79,2,41.58
2024-12-04,1752,Büyük Saat,Şiir,114.23,4,456.92
2025-09-25,1763,Kim Jiyeong Doğum 1982,Roman,111.36,5,556.8
2025-06-24,1959,Nutuk,Tarih,27.22,4,108.88
2025-03-25,1594,Kim Jiyeong Doğum 1982,Roman,35.71,1,35.71
2025-07-31,1662,Kuzgun,Şiir,148.69,5,743.45
2025-06-30,1410,Nutuk,Tarih,86.96,1,86.96
2025-09-07,1138,Kısa Türkiye Tarihi,Tarih,125.8,2,251.6
2025-04-15,1248,1984,Roman,127.8,4,511.2
2025-01-22,1147,Veronika Ölmek İstiyor,Roman,105.7,4,422.8
2024-11-07,1153,Çalıkuşu,Roman,116.61,3,349.83
2025-09-21,1340,Nutuk,Tarih,68.97,2,137.94
2025-06-13,1229,Kim Jiyeong Doğum 1982,Roman,112.19,5,560.95
2025-08-11,1996,Veronika Ölmek İstiyor,Roman,28.3,4,113.2
2025-07-07,1063,Kim Jiyeong Doğum 1982,Roman,111.25,4,445.0
2024-11-20,1013,1984,Roman,38.11,4,152.44
2025-06-29,1004,Kısa Türkiye Tarihi,Tarih,23.89,1,23.89
2025-09-11,1737,1984,Roman,133.89,3,401.67
2024-10-22,1907,1984,Roman,50.24,2,100.48
2024-12-26,1892,Çalıkuşu,Roman,131.41,1,131.41
2025-04-25,1584,Kuzgun,Şiir,133.23,5,666.15
2025-05-04,1034,Küçük Prens,Çocuk,89.59,2,179.18
2025-03-30,1382,Tanzimat,Tarih,121.88,2,243.76
2025-05-22,1552,Acımak,Roman,45.46,1,45.46
2025-08-26,1908,Siyasi Tarih: İlkçağlardan 1918'e,Tarih,72.22,5,361.1
2025-08-02,1024,Büyük Saat,Şiir,67.86,2,135.72
2025-10-04,1581,Küçük Prens,Çocuk,78.6,4,314.4
2025-05-17,1004,Kuzgun,Şiir,110.47,5,552.35
2025-05-07,1273,Acımak,Roman,140.32,5,701.6
2025-04-04,1757,Kim Jiyeong Doğum 1982,Roman,64.69,1,64.69
2024-11-14,1600,Python 101,Eğitim,126.5,3,379.5
2025-02-05,1346,Çalıkuşu,Roman,20.66,1,20.66
2024-12-02,1828,Kuzgun,Şiir,109.64,2,219.28
2025-10-11,1350,Büyük Saat,Şiir,80.6,4,322.4
2025-09-19,1494,Tanzimat,Tarih,146.0,3,438.0
2025-07-11,1841,Kuzgun,Şiir,126.1,2,252.2
2025-09-28,1278,Veronika Ölmek İstiyor,Roman,112.24,1,112.24
2025-05-06,1625,Kısa Türkiye Tarihi,Tarih,130.37,4,521.48
2025-10-10,1929,Kim Jiyeong Doğum 1982,Roman,61.87,1,61.87
2024-11-24,1659,Siyasi Tarih: İlkçağlardan 1918'e,Tarih,134.62,5,673.1
2025-10-07,1253,1984,Roman,129.5,3,388.5
2024-12-18,1105,Nutuk,Tarih,106.18,4,424.72
2025-10-14,1549,Jön Türkler İttihat ve Terakki,Tarih,33.31,1,33.31
2024-12-07,1045,Çalıkuşu,Roman,83.42,4,333.68
2025-05-12,1730,Siyasi Tarih: İlkçağlardan 1918'e,Tarih,24.22,5,121.1
2025-03-22,1311,Siyasi Tarih: İlkçağlardan 1918'e,Tarih,124.61,2,249.22
2025-02-20,1298,1984,Roman,62.32,4,249.28
2025-02-09,1542,Veronika Ölmek İstiyor,Roman,89.02,1,89.02
2025-06-03,1959,Kısa Türkiye Tarihi,Tarih,141.95,2,283.9
2025-09-04,1939,Kuzgun,Şiir,84.93,1,84.93
2025-04-15,1606,Çalıkuşu,Roman,87.06,4,348.24
2025-05-27,1369,Python 101,Eğitim,36.09,3,108.27
2025-06-02,1718,Jön Türkler İttihat ve Terakki,Tarih,148.72,3,446.16
2025-07-05,1821,Çalıkuşu,Roman,75.77,2,151.54
2025-03-27,1459,Nutuk,Tarih,62.93,4,251.72
2025-09-10,1916,Küçük Prens,Çocuk,57.19,5,285.95
2024-10-23,1101,Jön Türkler İttihat ve Terakki,Tarih,134.15,5,670.75
2025-02-10,1077,Acımak,Roman,54.41,4,217.64
2025-03-19,1922,Kısa Türkiye Tarihi,Tarih,60.83,2,121.66
2025-06-24,1446,Kısa Türkiye Tarihi,Tarih,86.37,1,86.37
2025-06-23,1449,1984,Roman,99.53,5,497.65
2025-05-18,1313,Kuzgun,Şiir,128.85,2,257.7
2024-12-15,1339,Büyük Saat,Şiir,104.57,1,104.57
2024-12-18,1663,Büyük Saat,Şiir,71.16,5,355.8
2025-02-08,1105,Siyasi Tarih: İlkçağlardan 1918'e,Tarih,124.26,4,497.04
2025-08-21,1285,Çalıkuşu,Roman,74.01,2,148.02
2025-03-31,1032,Tanzimat,Tarih,123.28,4,493.12
2025-10-10,1903,Kısa Türkiye Tarihi,Tarih,102.86,4,411.44
2025-05-02,1059,Kim Jiyeong Doğum 1982,Roman,70.86,4,283.44
2025-09-21,1837,Veronika Ölmek İstiyor,Roman,91.65,4,366.6
2025-09-24,1285,Jön Türkler İttihat ve Terakki,Tarih,74.65,1,74.65
2025-02-25,1869,Büyük Saat,Şiir,132.41,4,529.64
2025-04-04,1149,Büyük Saat,Şiir,30.01,1,30.01
2024-12-09,1716,Çalıkuşu,Roman,39.75,1,39.75
2025-02-24,1217,Kim Jiyeong Doğum 1982,Roman,109.48,2,218.96
2024-12-16,1777,Kim Jiyeong Doğum 1982,Roman,94.33,3,282.99
2025-03-31,1164,Kim Jiyeong Doğum 1982,Roman,104.04,2,208.08
2024-12-16,1895,Veronika Ölmek İstiyor,Roman,26.63,4,106.52
2024-12-15,1964,Küçük Prens,Çocuk,70.01,5,350.05
2025-06-19,1935,Python 101,Eğitim,43.95,3,131.85
2025-04-06,1390,Jön Türkler İttihat ve Terakki,Tarih,23.27,1,23.27
2025-03-24,1303,Python 101,Eğitim,47.09,2,94.18
2025-02-09,1437,Python 101,Eğitim,146.4,5,732.0
2025-09-18,1205,Nutuk,Tarih,31.07,3,93.21
2025-02-14,1706,Siyasi Tarih: İlkçağlardan 1918'e,Tarih,124.56,2,249.12
2025-07-05,1506,Büyük Saat,Şiir,144.79,1,144.79
2025-06-13,1171,Küçük Prens,Çocuk,50.17,5,250.85
2025-07-13,1491,Kuzgun,Şiir,132.15,2,264.3
2025-04-23,1923,Küçük Prens,Çocuk,122.46,5,612.3
2025-06-06,1387,Acımak,Roman,23.44,5,117.2
2025-07-07,1818,Jön Türkler İttihat ve Terakki,Tarih,67.91,5,339.55
2025-09-17,1938,Veronika Ölmek İstiyor,Roman,34.78,2,69.56
2025-06-09,1466,Çalıkuşu,Roman,23.93,2,47.86
2025-09-26,1618,Jön Türkler İttihat ve Terakki,Tarih,80.98,2,161.96
2025-07-30,1164,Kuzgun,Şiir,58.12,2,116.24
2025-06-25,1491,Kim Jiyeong Doğum 1982,Roman,73.68,3,221.04
2025-09-27,1077,Kuzgun,Şiir,55.83,1,55.83
2024-11-15,1115,Jön Türkler İttihat ve Terakki,Tarih,81.25,5,406.25
2025-10-15,1408,Tanzimat,Tarih,144.47,3,433.41
2024-12-22,1464,Küçük Prens,Çocuk,148.54,4,594.16
2025-03-07,1154,Veronika Ölmek İstiyor,Roman,142.1,2,284.2
2025-08-02,1766,Python 101,Eğitim,89.34,4,357.36
2024-11-12,1469,Büyük Saat,Şiir,83.83,1,83.83
2025-08-28,1857,Veronika Ölmek İstiyor,Roman,140.53,4,562.12
2024-11-09,1034,Çalıkuşu,Roman,126.82,3,380.46
2024-11-17,1344,Kısa Türkiye Tarihi,Tarih,96.79,4,387.16
2025-05-10,1492,Acımak,Roman,58.8,4,235.2
2024-10-21,1436,Küçük Prens,Çocuk,68.75,4,275.0
2025-03-29,1757,Çalıkuşu,Roman,57.89,5,289.45
2025-03-15,1254,Tanzimat,Tarih,130.24,3,390.72
2024-12-17,1618,Kısa Türkiye Tarihi,Tarih,34.96,4,139.84
2024-12-19,1451,Nutuk,Tarih,149.4,2,298.8
2024-11-29,1228,Siyasi Tarih: İlkçağlardan 1918'e,Tarih,103.16,2,206.32
2025-07-26,1686,Küçük Prens,Çocuk,30.39,2,60.78
2025-06-03,1626,1984,Roman,26.69,3,80.07
2025-03-09,1900,Tanzimat,Tarih,63.66,4,254.64
2025-09-11,1663,Siyasi Tarih: İlkçağlardan 1918'e,Tarih,84.47,2,168.94
2025-07-25,1703,Kuzgun,Şiir,47.82,2,95.64
2025-06-26,1743,Nutuk,Tarih,51.68,3,155.04
2025-03-22,1909,Çalıkuşu,Roman,96.02,2,192.04
2025-08-17,1216,Küçük Prens,Çocuk,107.96,4,431.84
2025-05-03,1027,Siyasi Tarih: İlkçağlardan 1918'e,Tarih,86.19,1,86.19
2025-02-17,1180,Çalıkuşu,Roman,89.15,4,356.6
2025-09-16,1914,Tanzimat,Tarih,32.72,3,98.16
2025-07-08,1609,Kim Jiyeong Doğum 1982,Roman,122.87,4,491.48
2024-12-24,1434,Jön Türkler İttihat ve Terakki,Tarih,130.62,2,261.24
2025-02-23,1398,Python 101,Eğitim,99.0,5,495.0
2025-05-27,1982,Çalıkuşu,Roman,87.95,2,175.9
2025-08-08,1869,Kuzgun,Şiir,145.35,3,436.05
2025-04-13,1637,Çalıkuşu,Roman,100.36,5,501.8
2025-07-05,1262,Küçük Prens,Çocuk,133.88,4,535.52
2025-01-04,1032,Büyük Saat,Şiir,33.36,1,33.36
2025-03-09,1580,Nutuk,Tarih,37.96,4,151.84
2024-11-11,1736,Nutuk,Tarih,98.22,5,491.1
2024-12-13,1282,Python 101,Eğitim,35.97,2,71.94
2025-07-15,1254,Nutuk,Tarih,142.96,1,142.96
2025-02-12,1891,Büyük Saat,Şiir,45.3,5,226.5
2025-07-11,1826,Küçük Prens,Çocuk,75.51,4,302.04
2025-07-18,1160,Siyasi Tarih: İlkçağlardan 1918'e,Tarih,69.7,2,139.4
2025-07-14,1979,Siyasi Tarih: İlkçağlardan 1918'e,Tarih,41.8,1,41.8
2025-08-11,1794,Büyük Saat,Şiir,47.13,2,94.26
2025-08-19,1312,Çalıkuşu,Roman,132.57,1,132.57
2025-06-14,1939,Veronika Ölmek İstiyor,Roman,116.95,1,116.95
2025-05-10,1347,Python 101,Eğitim,60.7,4,242.8
2025-04-09,1634,Büyük Saat,Şiir,54.1,1,54.1
2025-02-05,1964,Python 101,Eğitim,136.78,4,547.12
2025-04-04,1302,Acımak,Roman,111.85,2,223.7
2025-04-11,1492,Python 101,Eğitim,145.0,4,580.0
2024-12-24,1617,Kısa Türkiye Tarihi,Tarih,33.31,3,99.93
2025-05-20,1857,Çalıkuşu,Roman,59.89,2,119.78
2024-10-28,1231,Kim Jiyeong Doğum 1982,Roman,133.15,2,266.3
2025-09-27,1931,Büyük Saat,Şiir,147.33,5,736.65
2025-05-07,1164,Veronika Ölmek İstiyor,Roman,90.81,5,454.05
2024-10-21,1426,Python 101,Eğitim,26.0,2,52.0
2025-07-29,1221,Büyük Saat,Şiir,21.59,3,64.77
2024-11-19,1248,Tanzimat,Tarih,50.26,3,150.78
2025-05-14,1380,Kim Jiyeong Doğum 1982,Roman,103.97,3,311.91
2025-03-07,1000,Tanzimat,Tarih,32.22,1,32.22
2025-07-30,1234,Kim Jiyeong Doğum 1982,Roman,134.13,2,268.26
2024-12-17,1604,Tanzimat,Tarih,25.69,2,51.38
2025-06-17,1193,1984,Roman,62.54,3,187.62
2025-10-10,1677,Nutuk,Tarih,126.74,4,506.96
2025-05-19,1227,Büyük Saat,Şiir,36.69,1,36.69
2024-10-28,1842,Acımak,Roman,100.68,4,402.72
2024-11-01,1787,Tanzimat,Tarih,135.46,1,135.46
2025-04-19,1420,Siyasi Tarih: İlkçağlardan 1918'e,Tarih,99.08,2,198.16
2025-09-07,1268,Kuzgun,Şiir,82.38,4,329.52
2024-11-14,1902,Küçük Prens,Çocuk,66.57,3,199.71
2025-05-16,1211,1984,Roman,74.26,4,297.04
2025-05-01,1050,Çalıkuşu,Roman,104.0,1,104.0
2025-07-14,1132,Tanzimat,Tarih,35.39,3,106.17
2025-08-26,1626,Jön Türkler İttihat ve Terakki,Tarih,52.65,2,105.3
2025-08-11,1517,Kuzgun,Şiir,57.13,2,114.26
2025-07-20,1481,Kuzgun,Şiir,87.83,3,263.49
2025-04-23,1068,Siyasi Tarih: İlkçağlardan 1918'e,Tarih,35.87,5,179.35
2024-11-11,1810,Küçük Prens,Çocuk,43.6,3,130.8
2025-09-15,1430,Kim Jiyeong Doğum 1982,Roman,44.52,2,89.04
2024-10-29,1444,Kim Jiyeong Doğum 1982,Roman,105.85,4,423.4
2024-11-07,1582,Veronika Ölmek İstiyor,Roman,141.18,4,564.72
2025-01-28,1866,Python 101,Eğitim,130.16,4,520.64
2025-07-28,1793,1984,Roman,111.74,1,111.74
2025-06-23,1660,Acımak,Roman,139.92,5,699.6
2025-04-24,1486,Acımak,Roman,135.36,1,135.36
2025-06-19,1784,Veronika Ölmek İstiyor,Roman,66.06,5,330.3
2025-04-17,1096,Çalıkuşu,Roman,90.53,3,271.59
2025-09-09,1258,Kuzgun,Şiir,26.44,3,79.32
2024-11-09,1070,Nutuk,Tarih,68.52,5,342.6
2025-08-30,1736,Çalıkuşu,Roman,121.87,1,121.87
2025-05-27,1910,Tanzimat,Tarih,125.38,3,376.14
2025-09-23,1735,Veronika Ölmek İstiyor,Roman,84.25,3,252.75
2025-03-21,1598,Siyasi Tarih: İlkçağlardan 1918'e,Tarih,85.64,4,342.56
2025-05-01,1120,Python 101,Eğitim,38.61,2,77.22
2025-06-03,1015,1984,Roman,93.18,4,372.72
2025-02-10,1114,Küçük Prens,Çocuk,43.14,5,215.7
2025-05-07,1769,Çalıkuşu,Roman,90.74,4,362.96
2024-12-30,1939,Kuzgun,Şiir,36.23,4,144.92
2025-01-02,1582,Veronika Ölmek İstiyor,Roman,27.13,5,135.65
2024-10-20,1804,Kuzgun,Şiir,122.73,2,245.46
2025-09-12,1988,Küçük Prens,Çocuk,22.3,1,22.3
2025-06-13,1205,Kısa Türkiye Tarihi,Tarih,129.92,1,129.92
2025-02-25,1129,Kuzgun,Şiir,68.55,4,274.2
2024-12-17,1178,Veronika Ölmek İstiyor,Roman,81.89,1,81.89
2025-05-27,1075,Nutuk,Tarih,110.13,5,550.65
2025-10-07,1423,Büyük Saat,Şiir,113.24,2,226.48
2025-02-02,1239,Siyasi Tarih: İlkçağlardan 1918'e,Tarih,63.66,4,254.64
2024-11-16,1414,Kim Jiyeong Doğum 1982,Roman,84.64,4,338.56
2025-09-13,1683,Büyük Saat,Şiir,132.23,5,661.15
2025-06-18,1742,Kısa Türkiye Tarihi,Tarih,75.57,1,75.57
2025-05-30,1546,Python 101,Eğitim,60.48,5,302.4
2025-03-26,1715,Kim Jiyeong Doğum 1982,Roman,69.88,1,69.88
2025-01-02,1405,Küçük Prens,Çocuk,140.38,1,140.38
2024-10-29,1961,Jön Türkler İttihat ve Terakki,Tarih,31.5,5,157.5
2025-02-23,1401,Kim Jiyeong Doğum 1982,Roman,114.68,1,114.68
2025-09-03,1528,Tanzimat,Tarih,21.08,3,63.24
2025-01-08,1937,Küçük Prens,Çocuk,81.94,3,245.82
2025-07-16,1616,Siyasi Tarih: İlkçağlardan 1918'e,Tarih,33.32,2,66.64
2025-01-10,1405,Siyasi Tarih: İlkçağlardan 1918'e,Tarih,43.47,3,130.41
2025-02-05,1408,Kuzgun,Şiir,28.58,5,142.9
2025-05-21,1916,Acımak,Roman,78.78,4,315.12
2025-04-02,1270,Kim Jiyeong Doğum 1982,Roman,135.76,1,135.76
2024-11-14,1513,Büyük Saat,Şiir,53.21,1,53.21
2025-05-25,1800,1984,Roman,22.37,2,44.74
2025-01-17,1730,Veronika Ölmek İstiyor,Roman,74.74,2,149.48
2025-01-28,1577,Kısa Türkiye Tarihi,Tarih,70.83,2,141.66
2025-06-03,1899,Nutuk,Tarih,129.51,5,647.55
2025-10-01,1507,Nutuk,Tarih,88.29,5,441.45
2024-12-30,1606,Çalıkuşu,Roman,62.97,1,62.97
2025-01-23,1028,Python 101,Eğitim,43.37,3,130.11
2025-07-05,1530,Kısa Türkiye Tarihi,Tarih,96.52,3,289.56
2025-07-20,1528,Büyük Saat,Şiir,75.77,2,151.54
2025-10-01,1259,Python 101,Eğitim,122.47,4,489.88
2024-11-02,1393,Siyasi Tarih: İlkçağlardan 1918'e,Tarih,113.41,3,340.23
2025-02-16,1233,Büyük Saat,Şiir,58.75,2,117.5
2025-05-05,1123,Jön Türkler İttihat ve Terakki,Tarih,58.55,3,175.65
2025-02-05,1295,Çalıkuşu,Roman,59.66,4,238.64
2025-06-21,1776,Jön Türkler İttihat ve Terakki,Tarih,28.8,3,86.4
2025-04-09,1531,Jön Türkler İttihat ve Terakki,Tarih,128.87,2,257.74
2025-04-22,1692,Veronika Ölmek İstiyor,Roman,30.89,3,92.67
2025-07-06,1145,Tanzimat,Tarih,107.48,1,107.48
2025-06-01,1867,Nutuk,Tarih,56.18,5,280.9
2025-08-16,1337,1984,Roman,114.46,3,343.38
2025-09-19,1890,Kim Jiyeong Doğum 1982,Roman,86.71,3,260.13
2024-10-29,1681,Tanzimat,Tarih,133.24,1,133.24
2025-03-08,1067,Acımak,Roman,103.36,3,310.08
2025-02-03,1540,Nutuk,Tarih,126.65,1,126.65
2024-10-19,1958,1984,Roman,43.18,3,129.54
2025-08-01,1656,Kısa Türkiye Tarihi,Tarih,30.19,1,30.19
2025-01-16,1653,Kim Jiyeong Doğum 1982,Roman,149.38,2,298.76
2025-05-14,1012,Jön Türkler İttihat ve Terakki,Tarih,80.66,3,241.98
2025-01-12,1408,Nutuk,Tarih,75.48,4,301.92
2025-01-29,1804,Kuzgun,Şiir,128.98,3,386.94
2025-03-16,1576,Kısa Türkiye Tarihi,Tarih,25.28,5,126.4
2025-03-19,1026,Tanzimat,Tarih,27.14,1,27.14
2025-02-03,1934,Kısa Türkiye Tarihi,Tarih,144.6,2,289.2
2025-04-10,1512,Büyük Saat,Şiir,85.97,5,429.85
2025-05-03,1805,Nutuk,Tarih,72.42,5,362.1
2025-06-04,1718,Kim Jiyeong Doğum 1982,Roman,141.83,1,141.83
2025-05-07,1138,Kuzgun,Şiir,64.97,3,194.91
2025-01-11,1489,Çalıkuşu,Roman,23.05,2,46.1
2025-03-18,1597,Acımak,Roman,63.79,2,127.58
2025-01-01,1051,Çalıkuşu,Roman,100.11,4,400.44
2025-01-26,1641,Acımak,Roman,114.36,3,343.08
2025-05-22,1166,Kuzgun,Şiir,20.18,2,40.36
2025-08-29,1079,Siyasi Tarih: İlkçağlardan 1918'e,Tarih,114.86,4,459.44
2025-04-15,1622,Kısa Türkiye Tarihi,Tarih,132.01,1,132.01
2025-02-12,1128,Kuzgun,Şiir,89.06,4,356.24
2024-12-21,1461,Kısa Türkiye Tarihi,Tarih,65.7,3,197.1
2024-12-03,1070,Nutuk,Tarih,114.75,1,114.75
2025-10-17,1245,1984,Roman,141.62,2,283.24
2025-02-04,1660,Küçük Prens,Çocuk,36.25,1,36.25
2025-07-05,1706,Küçük Prens,Çocuk,67.33,1,67.33
2025-01-09,1876,Nutuk,Tarih,128.99,3,386.97
2025-05-17,1596,Nutuk,Tarih,40.11,5,200.55
2025-03-25,1776,Kısa Türkiye Tarihi,Tarih,75.26,1,75.26
2025-05-18,1944,Acımak,Roman,102.05,1,102.05
2024-12-30,1043,Acımak,Roman,84.24,1,84.24
2024-12-31,1364,Acımak,Roman,122.39,1,122.39
2025-05-22,1609,Tanzimat,Tarih,122.68,3,368.04
2025-01-22,1726,Veronika Ölmek İstiyor,Roman,23.81,2,47.62
2025-09-08,1623,Siyasi Tarih: İlkçağlardan 1918'e,Tarih,131.35,2,262.7
2025-10-12,1958,Veronika Ölmek İstiyor,Roman,98.1,3,294.3
2025-01-29,1227,Siyasi Tarih: İlkçağlardan 1918'e,Tarih,36.59,2,73.18
2024-12-29,1248,Küçük Prens,Çocuk,34.29,2,68.58
2024-12-20,1046,Veronika Ölmek İstiyor,Roman,71.43,5,357.15
2025-08-13,1654,Veronika Ölmek İstiyor,Roman,146.88,5,734.4
2025-03-26,1955,Siyasi Tarih: İlkçağlardan 1918'e,Tarih,137.26,1,137.26
2025-02-24,1261,Kim Jiyeong Doğum 1982,Roman,121.23,4,484.92
2025-02-02,1631,Küçük Prens,Çocuk,97.72,4,390.88
2025-08-10,1701,Siyasi Tarih: İlkçağlardan 1918'e,Tarih,87.27,2,174.54
2024-12-26,1689,Tanzimat,Tarih,112.67,2,225.34
2024-12-15,1753,Tanzimat,Tarih,24.36,4,97.44
2025-07-04,1543,Büyük Saat,Şiir,54.91,5,274.55
2025-10-09,1054,Acımak,Roman,71.76,2,143.52
2025-02-21,1154,Jön Türkler İttihat ve Terakki,Tarih,138.08,2,276.16
2025-02-11,1730,Kısa Türkiye Tarihi,Tarih,61.11,4,244.44
2025-09-25,1461,Büyük Saat,Şiir,82.35,5,411.75
2025-07-04,1692,Kuzgun,Şiir,23.83,2,47.66
2025-02-01,1417,Kısa Türkiye Tarihi,Tarih,114.92,2,229.84
2025-10-10,1904,Veronika Ölmek İstiyor,Roman,31.99,4,127.96
2025-02-08,1225,Tanzimat,Tarih,27.84,1,27.84
2025-07-09,1510,Çalıkuşu,Roman,102.3,2,204.6
2025-02-14,1473,Küçük Prens,Çocuk,81.75,3,245.25
2025-10-10,1951,Tanzimat,Tarih,66.39,2,132.78
2024-10-21,1603,Çalıkuşu,Roman,90.73,3,272.19
2025-06-18,1272,Büyük Saat,Şiir,54.04,1,54.04
2024-11-29,1039,Siyasi Tarih: İlkçağlardan 1918'e,Tarih,115.89,3,347.67
2025-03-17,1718,Jön Türkler İttihat ve Terakki,Tarih,123.28,3,369.84
2024-10-31,1805,Tanzimat,Tarih,51.78,5,258.9
2025-09-27,1087,Veronika Ölmek İstiyor,Roman,69.61,4,278.44
2025-06-12,1992,Büyük Saat,Şiir,105.83,4,423.32
2025-05-08,1180,Siyasi Tarih: İlkçağlardan 1918'e,Tarih,130.24,3,390.72
2025-06-14,1150,Kuzgun,Şiir,135.55,4,542.2
2025-02-20,1694,Tanzimat,Tarih,66.31,2,132.62
2025-04-23,1844,Kim Jiyeong Doğum 1982,Roman,118.64,5,593.2
2025-10-15,1167,Tanzimat,Tarih,33.59,3,100.77
2025-04-12,1185,Küçük Prens,Çocuk,102.85,5,514.25
2025-08-02,1925,1984,Roman,33.64,4,134.56
2024-10-20,1860,Siyasi Tarih: İlkçağlardan 1918'e,Tarih,134.09,4,536.36
2025-02-18,1746,Çalıkuşu,Roman,96.08,5,480.4
2025-03-12,1156,Kısa Türkiye Tarihi,Tarih,71.14,4,284.56
2025-10-06,1084,Kim Jiyeong Doğum 1982,Roman,127.2,3,381.6
2024-12-22,1733,Tanzimat,Tarih,133.54,1,133.54
2025-03-09,1941,Kuzgun,Şiir,76.1,1,76.1
2024-12-30,1278,Kuzgun,Şiir,119.67,4,478.68
2024-10-22,1381,Nutuk,Tarih,105.17,3,315.51
2024-12-26,1764,Kim Jiyeong Doğum 1982,Roman,121.84,3,365.52
2025-09-27,1790,Büyük Saat,Şiir,22.42,1,22.42
2024-10-19,1575,Kısa Türkiye Tarihi,Tarih,89.14,1,89.14
2025-06-19,1010,Nutuk,Tarih,149.08,2,298.16
2024-10-31,1761,Nutuk,Tarih,115.76,2,231.52
2025-09-30,1356,Küçük Prens,Çocuk,55.56,4,222.24
2024-11-03,1542,Küçük Prens,Çocuk,57.97,5,289.85
2025-01-09,1779,Nutuk,Tarih,49.34,3,148.02
2025-07-22,1691,Kısa Türkiye Tarihi,Tarih,75.07,2,150.14
2025-01-21,1382,Siyasi Tarih: İlkçağlardan 1918'e,Tarih,21.91,5,109.55
2025-10-09,1674,Büyük Saat,Şiir,54.63,2,109.26
2024-12-30,1731,Kısa Türkiye Tarihi,Tarih,92.04,5,460.2
2025-05-18,1005,Acımak,Roman,140.25,3,420.75
2025-04-29,1470,Kim Jiyeong Doğum 1982,Roman,66.09,2,132.18
2025-02-25,1733,Python 101,Eğitim,35.81,5,179.05
2025-07-31,1105,Acımak,Roman,116.22,2,232.44
2025-04-18,1262,Acımak,Roman,68.38,2,136.76
2025-08-25,1122,Jön Türkler İttihat ve Terakki,Tarih,122.58,2,245.16
2025-01-05,1586,Acımak,Roman,119.59,1,119.59
2024-10-26,1198,Jön Türkler İttihat ve Terakki,Tarih,81.51,2,163.02
2025-01-29,1829,Kısa Türkiye Tarihi,Tarih,107.1,4,428.4
2024-10-21,1054,Büyük Saat,Şiir,94.7,5,473.5
2025-07-10,1528,Büyük Saat,Şiir,70.41,2,140.82
2025-02-11,1140,Jön Türkler İttihat ve Terakki,Tarih,108.12,3,324.36
2025-09-25,1931,Jön Türkler İttihat ve Terakki,Tarih,87.11,2,174.22
2025-08-10,1668,Çalıkuşu,Roman,74.79,1,74.79
2025-01-16,1740,Büyük Saat,Şiir,149.37,3,448.11
2025-01-29,1470,1984,Roman,71.5,4,286.0
2024-11-30,1496,Kısa Türkiye Tarihi,Tarih,78.65,4,314.6
2024-12-28,1732,Jön Türkler İttihat ve Terakki,Tarih,142.71,5,713.55
2025-05-22,1131,Kim Jiyeong Doğum 1982,Roman,42.37,4,169.48
2024-12-24,1929,Çalıkuşu,Roman,131.86,3,395.58
2025-02-01,1161,Kim Jiyeong Doğum 1982,Roman,47.78,4,191.12
2025-05-22,1714,Kısa Türkiye Tarihi,Tarih,130.61,5,653.05
2025-03-12,1461,Siyasi Tarih: İlkçağlardan 1918'e,Tarih,60.31,4,241.24
2025-02-22,1595,Kuzgun,Şiir,34.17,1,34.17
2024-10-18,1054,Jön Türkler İttihat ve Terakki,Tarih,112.06,1,112.06
2025-08-18,1597,Küçük Prens,Çocuk,68.42,1,68.42
2025-09-09,1461,Kim Jiyeong Doğum 1982,Roman,112.41,4,449.64
2024-12-14,1944,Tanzimat,Tarih,30.1,1,30.1
2025-08-12,1125,Büyük Saat,Şiir,108.79,4,435.16
2025-02-18,1169,Python 101,Eğitim,65.68,1,65.68
2024-12-08,1406,Kısa Türkiye Tarihi,Tarih,140.27,2,280.54
2025-06-17,1103,Python 101,Eğitim,26.97,4,107.88
2025-06-07,1293,1984,Roman,84.82,3,254.46
2025-08-27,1732,Python 101,Eğitim,84.15,2,168.3
2025-04-03,1730,1984,Roman,92.67,3,278.01
2025-06-07,1684,Küçük Prens,Çocuk,144.15,5,720.75
2025-09-26,1389,Tanzimat,Tarih,34.79,2,69.58
2025-02-18,1382,Tanzimat,Tarih,24.09,4,96.36
2024-12-20,1051,1984,Roman,29.73,4,118.92
2025-10-02,1781,Jön Türkler İttihat ve Terakki,Tarih,129.7,2,259.4
2025-03-26,1461,Tanzimat,Tarih,50.26,5,251.3
2025-04-16,1145,Kuzgun,Şiir,52.58,5,262.9
2025-07-23,1414,Tanzimat,Tarih,66.04,2,132.08
2025-07-14,1541,Çalıkuşu,Roman,96.16,4,384.64
2025-04-16,1222,Kuzgun,Şiir,31.66,1,31.66
2025-01-03,1785,Küçük Prens,Çocuk,46.55,5,232.75
2025-07-11,1928,1984,Roman,41.93,2,83.86
2024-11-15,1522,Büyük Saat,Şiir,96.74,3,290.22
2025-07-21,1542,Veronika Ölmek İstiyor,Roman,88.98,3,266.94
2025-08-01,1030,Kim Jiyeong Doğum 1982,Roman,83.48,5,417.4
2025-05-23,1112,Çalıkuşu,Roman,56.51,4,226.04
2025-07-02,1246,Kısa Türkiye Tarihi,Tarih,65.25,5,326.25
2025-01-01,1565,Nutuk,Tarih,126.6,5,633.0
2024-11-25,1715,Büyük Saat,Şiir,106.66,1,106.66
2025-01-08,1743,Nutuk,Tarih,76.52,1,76.52
2025-09-15,1066,Kısa Türkiye Tarihi,Tarih,87.08,4,348.32
2024-12-26,1893,Küçük Prens,Çocuk,93.17,3,279.51
2024-12-28,1450,Python 101,Eğitim,69.37,1,69.37
2025-01-19,1510,Tanzimat,Tarih,148.82,2,297.64
2025-09-29,1621,Kısa Türkiye Tarihi,Tarih,54.87,1,54.87
2025-02-21,1597,Veronika Ölmek İstiyor,Roman,75.27,5,376.35
2025-06-23,1720,Kim Jiyeong Doğum 1982,Roman,134.23,2,268.46
2025-09-17,1413,Kim Jiyeong Doğum 1982,Roman,145.79,3,437.37
2025-06-06,1279,Acımak,Roman,25.37,3,76.11
2025-02-11,1944,Acımak,Roman,74.19,4,296.76
2024-11-06,1323,Kim Jiyeong Doğum 1982,Roman,62.87,4,251.48
2025-02-02,1476,Kuzgun,Şiir,22.56,1,22.56
2025-05-13,1467,Acımak,Roman,65.9,2,131.8
2025-02-19,1102,1984,Roman,144.25,1,144.25
2025-05-19,1570,Küçük Prens,Çocuk,144.22,2,288.44
2025-04-30,1268,Büyük Saat,Şiir,132.63,1,132.63
2025-07-15,1697,Kuzgun,Şiir,84.44,4,337.76
2025-05-24,1732,Küçük Prens,Çocuk,74.46,5,372.3
2025-02-06,1607,Tanzimat,Tarih,95.94,2,191.88
2025-03-09,1923,Siyasi Tarih: İlkçağlardan 1918'e,Tarih,61.06,5,305.3
2024-10-27,1365,Nutuk,Tarih,34.19,1,34.19
2024-11-22,1987,Kuzgun,Şiir,51.75,3,155.25
2025-03-27,1072,Kısa Türkiye Tarihi,Tarih,137.02,5,685.1
2025-02-16,1003,Tanzimat,Tarih,54.91,3,164.73
2025-10-08,1207,Büyük Saat,Şiir,62.6,1,62.6
2025-03-15,1460,Acımak,Roman,108.59,2,217.18
2025-08-26,1147,Kuzgun,Şiir,82.97,3,248.91
2025-02-26,1237,Kuzgun,Şiir,131.34,5,656.7
2025-05-27,1746,Siyasi Tarih: İlkçağlardan 1918'e,Tarih,92.47,4,369.88
2025-09-15,1462,Çalıkuşu,Roman,54.87,3,164.61
2025-01-10,1277,Acımak,Roman,51.25,4,205.0
2025-03-03,1419,Kısa Türkiye Tarihi,Tarih,130.23,3,390.69
2025-05-16,1609,Kuzgun,Şiir,90.25,1,90.25
2024-12-12,1464,Çalıkuşu,Roman,76.29,4,305.16
2025-03-26,1601,Kısa Türkiye Tarihi,Tarih,68.4,4,273.6
2025-04-19,1088,Jön Türkler İttihat ve Terakki,Tarih,84.2,2,168.4
2024-10-19,1409,Acımak,Roman,78.41,4,313.64
2025-08-22,1321,Büyük Saat,Şiir,54.89,3,164.67
2025-03-18,1023,Çalıkuşu,Roman,87.96,2,175.92
2025-10-04,1919,Küçük Prens,Çocuk,28.27,2,56.54
2024-11-13,1035,Siyasi Tarih: İlkçağlardan 1918'e,Tarih,47.82,1,47.82
2025-01-27,1515,Nutuk,Tarih,132.03,1,132.03
2025-09-17,1399,Veronika Ölmek İstiyor,Roman,77.26,2,154.52
2024-12-24,1315,Veronika Ölmek İstiyor,Roman,81.81,2,163.62
2024-11-25,1304,Çalıkuşu,Roman,30.83,3,92.49
2025-05-19,1438,Veronika Ölmek İstiyor,Roman,137.06,5,685.3
2025-05-02,1271,Çalıkuşu,Roman,84.88,4,339.52
